robot,operation,batch,flags,kernel_compute_us,memory_traffic_us,c_abi_staging_us,numpy_python_us,jax_dispatch_us,jax_round_trip_us,torch_dispatch_us,torch_round_trip_us,pinocchio_codegen_us,pinocchio_standard_api_overhead_us
g1,idsva_so,16,,854.467227376302,506.9193074544272,,,267.60649595703137,2073.768333333333,7.816815957031281,932.7103366666668,591.58851,21.933033333333242
g1,idsva_so,32,,854.8224243164062,1004.3445682779949,,,396.88318568359375,3184.2539233333337,11.483795683593712,1629.928236666667,2493.14286,590.8222866666665
g1,idsva_so,64,,856.6125349934896,2012.5597851562502,,,479.41068833984355,8670.51592,28.29141500651042,5133.226636666666,4258.68191,249.9645033333336
g1,idsva_so,128,,939.1748315429687,4015.1668151855474,,,621.4503184570311,13695.315823333334,99.97471179036472,14780.439553333335,7588.509453333332,435.1921000000011
g1,idsva_so,256,,1338.9826688639323,8064.637895914714,,,954.2469444694011,29444.37056333333,212.29971780273445,46011.128350000006,13858.790743333331,851.1561666666712
g1,idsva_so,1024,pinocchio_standard_api_overhead_us: negative difference (52783.5 < 52916.4); unavailable,4579.638039957682,32691.221365559897,,,2941.327563375651,122573.73806666666,889.1967300423184,230912.76647666673,52916.44603,
g1,inverse_dynamics,16,,40.13508331298828,9.894090270996095,0.6413764160156319,2.0045566666666588,47.104283353678376,144.79798,14.189293353678394,29.20114333333334,12.823536666666666,1.401620000000003
g1,inverse_dynamics,32,,39.65821756998698,10.597988993326823,1.0290934366861961,1.7682000000000002,39.06491909667968,143.77461333333332,14.262192430013016,30.378300000000003,14.659500000000001,3.7535099999999986
g1,inverse_dynamics,64,,39.94975921630859,10.62269694010417,3.9554938435872344,1.9276099999999943,34.61598745035808,173.35493666666673,14.053707450358075,32.060986666666665,19.130836666666667,7.960419999999999
g1,inverse_dynamics,128,,39.26827362060547,11.714073384602862,7.6694829947916645,2.1529833333333315,34.7692730460612,155.64495000000005,14.304196379394533,34.07895,28.28838666666667,15.386543333333325
g1,inverse_dynamics,256,,38.2650639851888,15.359420471191406,18.22141554361979,2.1867466666666786,35.14287934814453,154.16753666666665,14.070886014811194,41.23128333333334,45.67529666666667,31.534993333333333
g1,inverse_dynamics,1024,,72.94567657470704,33.302553914388014,44.20595617757161,2.658370000000019,40.18284009195963,212.61316999999997,14.603743425292961,64.22748000000001,325.29274333333336,104.14778666666666
g1,inverse_dynamics_gradient,16,torch_dispatch_us: negative difference (104.8 < 125.7); unavailable,125.66412241617839,13.676783040364583,10.780691210123706,14.534863333333305,67.7852442504883,156.98457,,49.52495999999999,33.55746666666667,4.721066666666658
g1,inverse_dynamics_gradient,32,torch_dispatch_us: negative difference (104.9 < 124.8); unavailable,124.82089579264323,18.62286071777345,25.30733682291668,26.78521999999998,13.852060874023437,251.81292333333334,,71.66408333333334,51.92626,13.190886666666671
g1,inverse_dynamics_gradient,64,torch_dispatch_us: negative difference (104.6 < 125.6); unavailable,125.60123657226562,39.90805613199869,38.328537295735686,43.31984000000003,18.36733342773438,416.23929999999996,,101.67084999999999,95.22616333333335,21.67019999999998
g1,inverse_dynamics_gradient,128,torch_dispatch_us: negative difference (120.4 < 136.1); unavailable,136.0845703125,69.35582987467447,64.88394981282556,92.54257999999993,204.4222996875,339.40666000000004,,166.59499,349.6137933333334,36.512549999999976
g1,inverse_dynamics_gradient,256,,172.51453002929688,132.2493323771159,92.43940759358719,184.11552333333327,260.9379566373698,591.0686433333332,44.54374663736979,249.55245333333337,340.0060833333333,90.22684000000004
g1,inverse_dynamics_gradient,1024,,648.6432368977864,483.4068779500326,242.461675152181,1416.4879700000001,369.884366435547,1631.475273333333,18.963873102213483,2654.0207633333334,1542.1732833333333,430.0133900000003
go2,idsva_so,16,,337.0513468424479,74.77126342773437,,,159.84954649088536,581.6696666666669,16.32921649088547,230.07096333333322,96.04458333333334,0.18874333333334903
go2,idsva_so,32,,337.12458862304686,142.05667114257812,,,250.11450137695317,670.40465,16.562084710286513,394.31256999999994,180.77590333333333,153.83099666666666
go2,idsva_so,64,pinocchio_standard_api_overhead_us: negative difference (499.8 < 499.8); unavailable,336.5758581542969,278.92335571289055,,,215.00982851236978,1589.2512133333335,17.011015179036463,619.7301,499.7798266666668,
go2,idsva_so,128,,340.32732381184894,554.5951310221354,,,218.84962285481765,2150.8025133333335,19.137849521484384,1013.9960466666666,891.0996333333334,18.411359999999945
go2,idsva_so,256,,381.9390380859375,1095.663926188151,,,201.23880191406244,5736.127329999999,19.86120858072917,2888.63836,2457.25742,25.154030000000148
go2,idsva_so,1024,,978.4065388997395,4407.274157714844,,,595.5492844335937,15119.289186666669,118.02453443359366,16473.125173333334,10011.676733333332,6.844553333334261
go2,inverse_dynamics,16,,22.73783020019531,9.694199117024738,0.5122106827799442,2.0110266666666803,47.95446979980469,140.16008666666664,14.026846466471355,29.52648,7.00212,5.357476666666669
go2,inverse_dynamics,32,,22.45769083658854,10.085281677246094,0.6399308194986943,1.9645433333333386,34.11895583007812,162.11252000000002,14.102982496744794,30.759673333333332,11.75707,2.1453499999999988
go2,inverse_dynamics,64,,22.639549763997397,10.552559916178385,1.0207536531575485,1.9299166666666778,34.45452690266926,167.6083533333333,14.025886902669267,31.66953666666666,13.46704,4.391819999999996
go2,inverse_dynamics,128,,22.41510701497396,10.642498372395831,5.364181279296879,2.1427733333333236,34.25952298502604,172.95228,14.280826318359377,32.90055,15.97681666666667,9.309786666666662
go2,inverse_dynamics,256,,21.73787373860677,11.755613199869796,10.786236394856772,1.9605333333333306,49.43647959472656,152.72082666666668,14.258456261393238,37.16121333333333,21.686539999999997,19.187190000000005
go2,inverse_dynamics,1024,,35.09949361165365,19.82988627115885,28.055193450520846,1.8912099999999867,41.29408638834635,264.5503566666667,15.282089721679682,47.65307666666667,50.63851,81.43762999999998
go2,inverse_dynamics_gradient,16,,35.220389404296874,10.41582804361979,6.125965885416669,8.325249999999997,43.41717726236978,197.9603833333333,9.389240595703122,39.85677666666666,18.247909999999997,4.179353333333335
go2,inverse_dynamics_gradient,32,,34.9668544514974,11.695869750976563,9.767775797526042,9.510159999999992,32.47810221516927,221.69568333333336,9.508222215169276,44.570906666666666,26.153736666666667,7.95686666666667
go2,inverse_dynamics_gradient,64,,35.113333740234374,14.324322814941404,10.788373444824224,16.07620666666667,35.68997959309896,254.30997666666667,9.755552926432294,51.77682,42.06455666666667,14.454766666666657
go2,inverse_dynamics_gradient,128,,34.73836619059245,18.83207366943359,30.48075347330729,26.56925000000001,43.652203809407546,303.47338666666667,9.896247142740876,74.51105999999999,69.66004666666667,30.420596666666654
go2,inverse_dynamics_gradient,256,,36.26869689941406,42.38631968180339,44.968630085449206,48.33388000000001,40.98046976725261,329.56951000000004,11.112043100585943,109.83412333333331,122.89488333333333,263.0571366666667
go2,inverse_dynamics_gradient,1024,,116.60206899007161,140.741904296875,106.31243671305344,195.86564666666675,71.91656434326171,963.6042866666667,6.744924343261715,261.74745,657.8362866666666,284.0068466666669
iiwa14,idsva_so,16,pinocchio_standard_api_overhead_us: negative difference (30.6 < 30.6); unavailable,33.97732218424479,14.695331217447915,,,36.92197114908854,252.31015000000002,10.231591149088544,77.39039666666667,30.57481333333333,
iiwa14,idsva_so,32,pinocchio_standard_api_overhead_us: negative difference (49.1 < 50.0); unavailable,33.970410970052086,17.433102620442703,,,39.659559029947914,277.6675033333333,10.26019569661458,88.51498666666669,50.03995666666667,
iiwa14,idsva_so,64,pinocchio_standard_api_overhead_us: negative difference (85.1 < 85.3); unavailable,33.49385375976563,22.495535074869785,,,46.3277095735677,340.0649666666667,10.462216240234369,101.80959333333332,85.34783666666668,
iiwa14,idsva_so,128,pinocchio_standard_api_overhead_us: negative difference (314.8 < 333.3); unavailable,33.55202107747396,46.413510742187505,,,44.41146892252603,424.5205733333333,10.522335589192707,132.70986333333332,333.32547666666665,
iiwa14,idsva_so,256,,34.14194702148438,77.60991170247397,,,40.574576311848965,580.9269866666666,10.872302978515613,222.24962666666664,477.27265666666665,9.668750000000102
iiwa14,idsva_so,1024,pinocchio_standard_api_overhead_us: negative difference (1402.3 < 1403.6); unavailable,70.20559936523438,272.42559204101565,,,59.53842730143228,1624.5954233333332,12.299033968098954,604.5564933333333,1403.64609,
iiwa14,inverse_dynamics,16,,11.699776611328126,9.337363789876303,0.5318962654622368,1.8919700000000006,34.86979005533854,155.19943,14.213776722005203,31.070736666666658,4.611926666666666,3.6017866666666682
iiwa14,inverse_dynamics,32,,11.685310567220052,9.553058675130208,0.4879907576497402,2.143343333333334,33.51015943277995,157.56814333333335,14.145212766113284,31.545603333333343,7.249603333333335,5.7089
iiwa14,inverse_dynamics,64,,11.654003702799479,9.695819702148437,0.7267965950520825,1.9893866666666682,39.55827963053386,159.14838333333333,14.467846297200524,32.27980666666667,11.852556666666667,1.8808166666666661
iiwa14,inverse_dynamics,128,,11.714529317220052,10.192943623860678,1.0008170589192709,1.979766666666663,41.67845068277995,163.59480333333337,14.687447349446611,32.397156666666675,12.806963333333334,4.7965
iiwa14,inverse_dynamics,256,,11.90126454671224,11.391527201334634,1.432531585286462,2.0663533333333284,33.32463545328776,179.52762666666663,14.822308786621095,34.246786666666665,15.828863333333333,9.936876666666668
iiwa14,inverse_dynamics,1024,,13.021483357747396,14.432683105468751,17.98046353678386,1.952219999999997,43.9757866422526,167.4899166666666,20.354243308919276,46.07918999999999,33.366576666666674,35.32948666666664
iiwa14,inverse_dynamics_gradient,16,,14.810319519042968,9.492587178548176,1.8189333024088583,6.744199999999996,39.88266048095703,143.25702333333334,20.51663381429036,38.83604999999999,13.138493333333333,2.2083099999999973
iiwa14,inverse_dynamics_gradient,32,,14.835590209960937,9.71901601155599,2.3013004451497387,7.544529999999998,35.241943123372394,156.40010333333333,20.477253123372396,40.003519999999995,15.802609999999998,4.551110000000001
iiwa14,inverse_dynamics_gradient,64,,14.72145009358724,10.071156209309894,3.8233070304362045,8.92462333333333,43.676219906412754,160.30514666666667,20.439953239746092,41.234609999999996,21.15665333333333,8.946876666666672
iiwa14,inverse_dynamics_gradient,128,,14.81099375406901,11.13596211751302,6.429964128417975,11.584103333333331,36.089919579264325,159.84383666666665,19.97271957926433,44.01696666666666,31.578823333333336,17.883359999999993
iiwa14,inverse_dynamics_gradient,256,,15.132722880045574,13.479721069335938,7.937529383951823,12.794550000000001,35.418160453287754,174.66942666666665,20.376650453287763,48.86775666666666,53.41391000000001,38.06543999999999
iiwa14,inverse_dynamics_gradient,1024,,30.822372538248697,28.62465098063151,39.95184981445312,34.59438666666669,44.83671079508464,227.9657933333333,13.537187461751305,81.48414666666667,361.3450633333333,139.3459600000001
